证券代码,证券简称,交易日期,交易所,昨日收盘,今日开盘,成交数量,最高成交,最低成交,最近成交,总笔数,涨跌幅,成交金额
"	399006",创业板指,2013-01-04,深交所,713.863,717.303,428797964,718.387,699.169,705.342,0,-1.1936,5979143459.7
"	399006",创业板指,2013-01-07,深交所,705.342,704.372,473422712,718.114,702.389,718.114,0,1.8108,6585404166.3
"	399006",创业板指,2013-01-08,深交所,718.114,718.431,558331723,735.343,716.297,733.138,0,2.0921,7754711792.16
"	399006",创业板指,2013-01-09,深交所,733.138,732.011,529453188,740.635,727.913,734.506,0,0.1866,7219095333.91
"	399006",创业板指,2013-01-10,深交所,734.506,734.309,470018523,743.551,734.309,741.18,0,0.9086,6450419411.09
"	399006",创业板指,2013-01-11,深交所,741.18,740.896,532735524,746.036,730.401,731.587,0,-1.2943,7532309513.69
"	399006",创业板指,2013-01-14,深交所,731.587,735.653,586224221,761.729,735.181,760.55,0,3.9589,8555651624.23
"	399006",创业板指,2013-01-15,深交所,760.55,763.625,735500083,781.421,763.625,778.603,0,2.3737,10622659983.41
"	399006",创业板指,2013-01-16,深交所,778.603,777.038,554870878,779.925,762.044,774.485,0,-0.5289,7773555939.87
"	399006",创业板指,2013-01-17,深交所,774.485,773.791,409237280,775.824,767.485,768.308,0,-0.7976,5853231396.06
"	399006",创业板指,2013-01-18,深交所,768.308,771.311,453049867,787.496,771.311,787.386,0,2.4831,7250174599.87
"	399006",创业板指,2013-01-21,深交所,787.386,788.069,442412260,793.232,783.415,792.6,0,0.6622,6874105514.83
"	399006",创业板指,2013-01-22,深交所,792.6,792.312,432686012,792.545,769.09,775.135,0,-2.2035,6577958509.9
"	399006",创业板指,2013-01-23,深交所,775.135,773.739,376178929,779.558,765.363,778.478,0,0.4313,5763519417.56
"	399006",创业板指,2013-01-24,深交所,778.478,778.636,498831212,784.321,750.358,757.869,0,-2.6473,7470660690.64
"	399006",创业板指,2013-01-25,深交所,757.869,757.611,313899367,766.781,756.608,762.848,0,0.657,4833267765.04
"	399006",创业板指,2013-01-28,深交所,762.848,764.087,341318792,784.76,764.087,784.76,0,2.8724,5341256875.02
"	399006",创业板指,2013-01-29,深交所,784.76,785.758,398907356,795.068,785.758,791.671,0,0.8807,6211183732.93
"	399006",创业板指,2013-01-30,深交所,791.671,791.962,395080714,792.767,778.302,783.682,0,-1.0091,5959730155.19
"	399006",创业板指,2013-01-31,深交所,783.682,784.108,418749845,784.108,771.152,776.005,0,-0.9796,6081857762.32
"	399006",创业板指,2013-02-01,深交所,776.005,775.113,391554126,785.52,772.941,782.363,0,0.8193,5755458108.28
"	399006",创业板指,2013-02-04,深交所,782.363,783.743,411243524,786.562,767.847,771.902,0,-1.3371,6125062872.16
"	399006",创业板指,2013-02-05,深交所,771.902,768.412,306085240,781.568,765.967,780.981,0,1.1762,4708006972.27
"	399006",创业板指,2013-02-06,深交所,780.981,781.319,329440359,794.504,781.319,791.263,0,1.3165,4989037493.16
"	399006",创业板指,2013-02-07,深交所,791.263,792.855,331128321,806.308,789.368,805.586,0,1.8101,5369297558.98
"	399006",创业板指,2013-02-08,深交所,805.586,804.956,383845877,824.311,804.956,823.028,0,2.1651,6330447858.4
"	399006",创业板指,2013-02-18,深交所,823.028,829.662,477261577,835.664,825.947,835.277,0,1.4883,7497954315.09
"	399006",创业板指,2013-02-19,深交所,835.277,834.969,426407509,835.411,816.958,819.709,0,-1.8638,6635429884.37
"	399006",创业板指,2013-02-20,深交所,819.709,819.031,509227216,850.863,819.031,850.863,0,3.8006,8240855913.47
"	399006",创业板指,2013-02-21,深交所,850.863,846.639,567979536,853.268,829.596,839.298,0,-1.3592,8950114653.59
"	399006",创业板指,2013-02-22,深交所,839.298,837.131,404852368,848.16,836.867,838.763,0,-0.0637,6359501161.59
"	399006",创业板指,2013-02-25,深交所,838.763,838.877,450666321,857.848,838.877,855.694,0,2.0186,7292701582.2
"	399006",创业板指,2013-02-26,深交所,855.694,853.28,506097656,865.797,849.938,851.217,0,-0.5232,8740717035.2
"	399006",创业板指,2013-02-27,深交所,851.217,852.126,430049797,856.116,835.935,846.09,0,-0.6023,7163503412.45
"	399006",创业板指,2013-02-28,深交所,846.09,846.339,463515267,861.095,844.2,861.095,0,1.7735,7429406462.79
"	399006",创业板指,2013-03-01,深交所,861.095,860.801,607589774,885.18,859.83,884.891,0,2.7635,9917988866.91
"	399006",创业板指,2013-03-04,深交所,884.891,880.246,639461143,888.793,855.05,863.5,0,-2.4174,10546243449.64
"	399006",创业板指,2013-03-05,深交所,863.5,861.225,475627331,888.318,857.541,888.099,0,2.8488,8167502328.29
"	399006",创业板指,2013-03-06,深交所,888.099,890.233,551464981,905.164,890.233,902.903,0,1.6669,9472933395.85
"	399006",创业板指,2013-03-07,深交所,902.903,902.407,524988769,902.407,867.87,877.337,0,-2.8315,9089237538.29
"	399006",创业板指,2013-03-08,深交所,877.337,877.73,377378283,882.138,861.808,864.699,0,-1.4405,6295117182.16
"	399006",创业板指,2013-03-11,深交所,864.699,863.122,281227739,872.18,858.037,869.15,0,0.5147,4806631304.02
"	399006",创业板指,2013-03-12,深交所,869.15,869.724,475170471,873.473,828.037,839.836,0,-3.3727,7554252190.19
"	399006",创业板指,2013-03-13,深交所,839.836,835.456,319778021,836.276,821.352,834.049,0,-0.6891,5000868662.76
"	399006",创业板指,2013-03-14,深交所,834.049,832.292,283946872,845.595,831.568,842.036,0,0.9576,4684435747.96
"	399006",创业板指,2013-03-15,深交所,842.036,841.713,353744607,867.865,839.582,853.906,0,1.4097,6131692942.78
"	399006",创业板指,2013-03-18,深交所,853.906,852.152,289020660,862.822,850.098,852.117,0,-0.2095,5157304209.89
"	399006",创业板指,2013-03-19,深交所,852.117,850.061,300744897,854.245,829.189,842.685,0,-1.1069,4974639789
"	399006",创业板指,2013-03-20,深交所,842.685,842.714,338852686,866.267,842.584,866.267,0,2.7984,5624952580.8
"	399006",创业板指,2013-03-21,深交所,866.267,867.901,410081902,885.981,866.679,882.734,0,1.9009,7053495284.21
"	399006",创业板指,2013-03-22,深交所,882.734,881.899,321171223,884.235,876.916,882.001,0,-0.083,5457879156.66
"	399006",创业板指,2013-03-25,深交所,882.001,882.746,315953074,884.854,874.007,881.756,0,-0.0278,5310147608.22
"	399006",创业板指,2013-03-26,深交所,881.756,878.556,326212918,879.848,862.666,876.361,0,-0.6118,5421348481.09
"	399006",创业板指,2013-03-27,深交所,876.361,876.547,285319511,885.772,874.248,882.752,0,0.7293,4928201255.53
"	399006",创业板指,2013-03-28,深交所,882.752,877.85,328240242,877.85,861.654,867.511,0,-1.7265,5663359606.83
"	399006",创业板指,2013-03-29,深交所,867.511,868.093,267548833,872.777,860.963,866.455,0,-0.1217,4647496575.46
"	399006",创业板指,2013-04-01,深交所,866.455,866.654,279371173,879.924,865.984,877.001,0,1.2171,5412930143.32
"	399006",创业板指,2013-04-02,深交所,877.001,875.325,352335720,883.154,843.207,845.163,0,-3.6303,6898883412.43
"	399006",创业板指,2013-04-03,深交所,845.163,842.364,296581135,845.49,827.27,835.138,0,-1.1862,5389519495.37
"	399006",创业板指,2013-04-08,深交所,835.138,824.776,311854563,853.623,817.347,853.484,0,2.1968,5730477302.05
"	399006",创业板指,2013-04-09,深交所,853.484,854.513,264731184,864.116,853.944,861.991,0,0.9967,4788692734.03
"	399006",创业板指,2013-04-10,深交所,861.991,861.27,255215345,861.911,843.099,850.533,0,-1.3292,4588039766.15
"	399006",创业板指,2013-04-11,深交所,850.533,853.142,220831438,855.957,847.389,847.782,0,-0.3234,3742916653.28
"	399006",创业板指,2013-04-12,深交所,847.782,847.204,205374718,854.217,845.853,846.612,0,-0.138,3508219217.13
"	399006",创业板指,2013-04-15,深交所,846.612,844.11,182150863,845.754,834.008,836.342,158475,-1.2131,3195374410.67
"	399006",创业板指,2013-04-16,深交所,836.342,828.937,198005275,846.054,824.841,846.054,169314,1.1612,3466041690.22
"	399006",创业板指,2013-04-17,深交所,846.054,845.093,255832934,867.511,844.922,867.511,223292,2.5361,4894901558.22
"	399006",创业板指,2013-04-18,深交所,867.511,862.698,272093050,875.995,860.717,873.481,239893,0.6882,5222825219.26
"	399006",创业板指,2013-04-19,深交所,873.481,874.884,345087697,895.873,874.884,892.21,284926,2.1442,6478400535.55
"	399006",创业板指,2013-04-22,深交所,892.21,890.932,385981325,916.021,889.258,916.021,310732,2.6688,7775623181.97
"	399006",创业板指,2013-04-23,深交所,916.021,916.42,396183935,916.54,892.109,893.79,325118,-2.4269,7787614461.01
"	399006",创业板指,2013-04-24,深交所,893.79,894.694,389671509,925.012,894.694,923.406,317314,3.3135,7943869400.05
"	399006",创业板指,2013-04-25,深交所,923.406,924.223,482563505,937.558,903.613,903.634,402648,-2.1412,10445068768
"	399006",创业板指,2013-04-26,深交所,903.634,901.995,343244999,904.3,886.402,889.381,314530,-1.5773,7078093203.39
"	399006",创业板指,2013-05-02,深交所,889.381,887.076,280735115,914.171,883.788,913.651,247324,2.7289,6315973026.46
"	399006",创业板指,2013-05-03,深交所,913.651,916.007,390797507,940.28,916.007,939.21,325230,2.7975,8072967252.04
"	399006",创业板指,2013-05-06,深交所,939.21,941.088,497409965,962.631,941.088,958.022,408342,2.003,9880917574.64
"	399006",创业板指,2013-05-07,深交所,958.022,956.415,425533699,964.714,949.839,957.44,367463,-0.0608,8217570637.01
"	399006",创业板指,2013-05-08,深交所,957.44,960.977,493870589,980.083,960.696,980.083,405551,2.365,10086620036.05
"	399006",创业板指,2013-05-09,深交所,980.083,978.942,583110417,994.269,978.069,992.161,467841,1.2323,12099527024.37
"	399006",创业板指,2013-05-10,深交所,992.161,989.151,549987758,996.587,977.426,988.3,432126,-0.3892,10850907297.46
"	399006",创业板指,2013-05-13,深交所,988.3,989.372,466095032,995.254,978.715,995.109,368477,0.689,9210524174.19
"	399006",创业板指,2013-05-14,深交所,995.109,992.617,413012746,992.617,971.352,976.333,352725,-1.8868,8252943154.84
"	399006",创业板指,2013-05-15,深交所,976.333,976.948,499755860,1012.673,976.948,1012.656,401891,3.7203,9859631969.33
"	399006",创业板指,2013-05-16,深交所,1012.656,1010.946,693631889,1034.352,999.493,1009.526,535622,-0.3091,13764818136.26
"	399006",创业板指,2013-05-17,深交所,1009.526,1006.474,540703200,1029.11,1004.42,1023.403,414040,1.3746,9980370915
"	399006",创业板指,2013-05-20,深交所,1023.403,1025.173,697549848,1052.703,1025.173,1051.653,517525,2.7604,13350908365.38
"	399006",创业板指,2013-05-21,深交所,1051.653,1049.597,712337873,1074.89,1045.46,1073.583,529818,2.0853,13389482756.2
"	399006",创业板指,2013-05-22,深交所,1073.583,1067.437,711050315,1067.498,1036.311,1039.811,542346,-3.1457,12710883099.06
"	399006",创业板指,2013-05-23,深交所,1039.811,1035.309,580553849,1061.527,1033.124,1042.897,449833,0.2968,10255698505.87
"	399006",创业板指,2013-05-24,深交所,1042.897,1044.294,613410874,1073.782,1044.294,1073.782,451665,2.9615,10948570482.92
"	399006",创业板指,2013-05-27,深交所,1073.782,1075.825,670674857,1091.253,1075.825,1089.724,481840,1.4847,12131011380.79
"	399006",创业板指,2013-05-28,深交所,1089.724,1089.765,619449486,1090.159,1055.637,1059.002,467070,-2.8192,10878150123.57
"	399006",创业板指,2013-05-29,深交所,1059.002,1055.597,487073493,1067.026,1053.177,1065.96,361804,0.657,8538596799.06
"	399006",创业板指,2013-05-30,深交所,1065.96,1062.999,521434272,1078.464,1059.827,1073.869,417981,0.742,9757768915.72
"	399006",创业板指,2013-05-31,深交所,1073.869,1074.476,583088335,1086.327,1068.066,1073.023,442624,-0.0788,10611340372.48
"	399006",创业板指,2013-06-03,深交所,1073.023,1070.732,550157951,1074.821,1050.213,1052.136,418376,-1.9466,10878352221.27
"	399006",创业板指,2013-06-04,深交所,1052.136,1049.102,553234488,1049.256,1011.403,1022.46,424139,-2.8205,10150605199.68
"	399006",创业板指,2013-06-05,深交所,1022.46,1021.023,429371998,1038.025,1021.023,1032.756,325813,1.007,7518702625.78
"	399006",创业板指,2013-06-06,深交所,1032.756,1027.053,421631212,1031.358,1020.831,1022.13,324651,-1.0289,7336083917.38
"	399006",创业板指,2013-06-07,深交所,1022.13,1022.559,463511754,1039.654,1018.452,1030.139,353886,0.7836,8223920158.44
"	399006",创业板指,2013-06-13,深交所,1030.139,1019.472,461235464,1029.275,986.05,1029.275,367308,-0.0839,8470477163.35
"	399006",创业板指,2013-06-14,深交所,1029.275,1029.933,517068598,1069.807,1029.933,1068.147,409348,3.7766,10155528933.37
"	399006",创业板指,2013-06-17,深交所,1068.147,1074.53,605254348,1091.906,1068.611,1073.691,473017,0.519,12357725372.04
"	399006",创业板指,2013-06-18,深交所,1073.691,1073.308,507208631,1078.533,1053.325,1072.93,401915,-0.0709,10112512121.2
"	399006",创业板指,2013-06-19,深交所,1072.93,1064.736,464482118,1070.348,1053.798,1067.625,379783,-0.4944,8936897185.9
"	399006",创业板指,2013-06-20,深交所,1067.625,1060.383,492518595,1067.946,1027.839,1029.528,407939,-3.5684,9399997664.1
"	399006",创业板指,2013-06-21,深交所,1029.528,1007.866,495763111,1030.126,988.215,1025.497,379290,-0.3915,8693551503.91
"	399006",创业板指,2013-06-24,深交所,1025.497,1023.223,549308513,1023.223,961.837,971.454,401533,-5.2699,9226761334.49
"	399006",创业板指,2013-06-25,深交所,971.454,958.35,707685119,991.644,903.668,984.746,497969,1.3683,12065540241.85
"	399006",创业板指,2013-06-26,深交所,984.746,984.941,703487915,1039.013,984.883,1038.976,511741,5.507,12958434159.22
"	399006",创业板指,2013-06-27,深交所,1038.976,1043.664,734487229,1063.019,1020.462,1022.503,562642,-1.5855,13853906648.63
"	399006",创业板指,2013-06-28,深交所,1022.503,1012.642,524032623,1037.415,1002.193,1011.658,424986,-1.0606,9610448773.71
"	399006",创业板指,2013-07-01,深交所,1011.658,1011.265,519985616,1055.839,1005.798,1055.839,424200,4.3672,10103013619.62
"	399006",创业板指,2013-07-02,深交所,1055.839,1056.907,689076720,1086.4,1056.907,1083.248,556560,2.5959,13916704559
"	399006",创业板指,2013-07-03,深交所,1083.248,1079.646,687078827,1108.485,1065.512,1104.578,574871,1.9691,14286473438.92
"	399006",创业板指,2013-07-04,深交所,1104.578,1097.772,589097358,1105.792,1085.395,1087.904,515035,-1.5095,11922565271.55
"	399006",创业板指,2013-07-05,深交所,1087.904,1087.685,550236419,1091.817,1057.132,1057.273,489252,-2.8156,10890534574.31
"	399006",创业板指,2013-07-08,深交所,1057.273,1035.944,524388753,1057.04,1015.668,1030.604,440506,-2.5224,9531661107.58
"	399006",创业板指,2013-07-09,深交所,1030.604,1028.564,453563805,1051.512,1026.46,1050.715,383290,1.9514,8733836426.73
"	399006",创业板指,2013-07-10,深交所,1050.715,1049.213,509640568,1069.394,1048.726,1068.857,432354,1.7266,10160376656.1
"	399006",创业板指,2013-07-11,深交所,1068.857,1066.699,567488689,1082.781,1057.443,1080.782,466893,1.1157,10742791564.71
"	399006",创业板指,2013-07-12,深交所,1080.782,1079.327,626897773,1117.685,1077.312,1096.296,526996,1.4354,12916864801.95
"	399006",创业板指,2013-07-15,深交所,1096.296,1096.185,717981774,1139.567,1096.185,1139.567,545024,3.947,14690627343.81
"	399006",创业板指,2013-07-16,深交所,1139.567,1141.574,673906776,1153.072,1129.742,1143.195,551927,0.3184,13082444947.13
"	399006",创业板指,2013-07-17,深交所,1143.195,1140.73,618690517,1149.468,1118.852,1129.48,522167,-1.1997,12045838513.74
"	399006",创业板指,2013-07-18,深交所,1129.48,1124.794,543028003,1138.09,1118.626,1127.966,451492,-0.134,10095831221.77
"	399006",创业板指,2013-07-19,深交所,1127.966,1125.765,662144278,1156.088,1116.005,1116.005,543752,-1.0604,12568748441.35
"	399006",创业板指,2013-07-22,深交所,1116.005,1109.955,607266650,1153.772,1107.335,1153.772,482908,3.3841,11488450891.82
"	399006",创业板指,2013-07-23,深交所,1153.772,1161.079,746444576,1179.459,1160.453,1178.588,567445,2.1509,14428641072.02
"	399006",创业板指,2013-07-24,深交所,1178.588,1181.361,793822085,1208.132,1177.594,1203.308,639620,2.0974,15138899559.36
"	399006",创业板指,2013-07-25,深交所,1203.308,1205.623,794552185,1207.23,1148.813,1150.387,673400,-4.398,15298584699.99
"	399006",创业板指,2013-07-26,深交所,1150.387,1150.247,545128736,1166.206,1133.158,1158.354,476895,0.6925,10843492061.12
"	399006",创业板指,2013-07-29,深交所,1158.354,1155.81,565211868,1168.474,1136.401,1136.984,471716,-1.8449,11723378534.38
"	399006",创业板指,2013-07-30,深交所,1136.984,1137.15,538265103,1147.015,1095.652,1124.102,445252,-1.133,10689712460.02
"	399006",创业板指,2013-07-31,深交所,1124.102,1126.102,464508818,1143.37,1117.336,1134.015,401520,0.8819,9003418131.13
"	399006",创业板指,2013-08-01,深交所,1134.015,1135.451,659737532,1191.122,1135.451,1190.113,529630,4.9468,13050489412.39
"	399006",创业板指,2013-08-02,深交所,1190.113,1196.174,714128252,1208.325,1187.312,1188.851,572050,-0.106,13597192024.27
"	399006",创业板指,2013-08-05,深交所,1188.851,1186.732,525511661,1202.832,1182.541,1202.832,437758,1.176,10055970543.26
"	399006",创业板指,2013-08-06,深交所,1202.832,1202.091,585941099,1219.119,1200.694,1211.782,495252,0.7441,12048627681.05
"	399006",创业板指,2013-08-07,深交所,1211.782,1208.497,573416535,1209.368,1173.261,1175.702,498285,-2.9774,11092283449.65
"	399006",创业板指,2013-08-08,深交所,1175.702,1172.085,468778941,1195.92,1165.323,1185.955,392905,0.8721,8912485329.26
"	399006",创业板指,2013-08-09,深交所,1185.955,1185.639,492951549,1194.783,1153.45,1172.519,429450,-1.1329,9465493982.05
"	399006",创业板指,2013-08-12,深交所,1172.519,1174.09,532290719,1185.367,1146.017,1161.872,433600,-0.908,10137214400.89
"	399006",创业板指,2013-08-13,深交所,1161.872,1161.486,499283655,1180.607,1151.675,1172.329,409481,0.9,8971019564.94
"	399006",创业板指,2013-08-14,深交所,1172.329,1175.625,631724425,1186.293,1160.022,1180.656,498615,0.7103,11289913525.09
"	399006",创业板指,2013-08-15,深交所,1180.656,1177.854,591629726,1184.399,1165.769,1167.094,478468,-1.1487,10105107523.69
"	399006",创业板指,2013-08-16,深交所,1167.094,1158.962,575987944,1178.843,1131.444,1132.086,479114,-2.9996,10093109685.68
"	399006",创业板指,2013-08-19,深交所,1132.086,1126.635,487858507,1172.029,1125.586,1171.402,395352,3.4729,9246636551.19
"	399006",创业板指,2013-08-20,深交所,1171.402,1170.987,544941393,1180.986,1164.376,1175.783,425458,0.374,9692124571.56
"	399006",创业板指,2013-08-21,深交所,1175.783,1173.609,504081048,1185.537,1169.492,1181.34,415699,0.4726,9064792562.55
"	399006",创业板指,2013-08-22,深交所,1181.34,1180.185,545959049,1204.592,1178.407,1197.134,453508,1.337,10377084705.16
"	399006",创业板指,2013-08-23,深交所,1197.134,1200.678,658819682,1225.894,1188.82,1219.825,559384,1.8954,14081791056.83
"	399006",创业板指,2013-08-26,深交所,1219.825,1220.975,552069143,1241.47,1220.581,1238.172,454660,1.5041,11626259482.49
"	399006",创业板指,2013-08-27,深交所,1238.172,1238.27,519388079,1251.044,1226.378,1250.751,434702,1.0159,10436447045.01
"	399006",创业板指,2013-08-28,深交所,1250.751,1244.005,626933381,1253.395,1227.995,1227.995,509963,-1.8194,13434558616.28
"	399006",创业板指,2013-08-29,深交所,1227.995,1224.613,446115902,1236.455,1217.523,1226.296,389920,-0.1384,9762235568.99
"	399006",创业板指,2013-08-30,深交所,1226.296,1221.873,548531615,1226.36,1181.889,1185.145,473029,-3.3557,11000796962.96
"	399006",创业板指,2013-09-02,深交所,1185.145,1179.321,406314688,1210.531,1178.006,1210.185,337188,2.1128,8387402620.19
"	399006",创业板指,2013-09-03,深交所,1210.185,1217.772,438385601,1234.587,1214.3,1234.587,371359,2.0164,9863351666.4
"	399006",创业板指,2013-09-04,深交所,1234.587,1233.497,482236925,1245.777,1227.323,1236.35,398185,0.1428,10880982522.11
"	399006",创业板指,2013-09-05,深交所,1236.35,1233.822,543735038,1267.525,1233.259,1267.26,462464,2.5001,12911566456.74
"	399006",创业板指,2013-09-06,深交所,1267.26,1267.841,526018124,1288.262,1261.575,1282.746,451191,1.222,12671379497.36
"	399006",创业板指,2013-09-09,深交所,1282.746,1282.654,633547122,1283.701,1258.127,1275.912,518694,-0.5328,14001513802.07
"	399006",创业板指,2013-09-10,深交所,1275.912,1277.869,640827742,1278.043,1254.008,1263.589,541419,-0.9658,13730062001.24
"	399006",创业板指,2013-09-11,深交所,1263.589,1256.655,661190723,1256.655,1216.367,1220.705,515379,-3.3938,13014610761
"	399006",创业板指,2013-09-12,深交所,1220.705,1215.693,441028817,1236.59,1211.603,1220.633,355492,-0.0059,8393320596.97
"	399006",创业板指,2013-09-13,深交所,1220.633,1221.148,485878617,1256.035,1210.396,1253.448,423436,2.6884,10855588699.97
"	399006",创业板指,2013-09-16,深交所,1253.448,1254.472,524743728,1297.643,1254.472,1278.798,452894,2.0224,13213651446.32
"	399006",创业板指,2013-09-17,深交所,1278.798,1279.263,478639337,1285.633,1267.713,1269.36,424200,-0.738,11104096480.73
"	399006",创业板指,2013-09-18,深交所,1269.36,1268.341,490374667,1292.333,1262.329,1289.642,409234,1.5978,10830545315.22
"	399006",创业板指,2013-09-23,深交所,1289.642,1292.762,604743907,1326.41,1291.327,1326.091,490841,2.8263,13154832785.07
"	399006",创业板指,2013-09-24,深交所,1326.091,1325.891,641443269,1340.522,1310.331,1328.404,547402,0.1744,14987993506.36
"	399006",创业板指,2013-09-25,深交所,1328.404,1324.193,565790587,1344.394,1320.114,1323.04,483749,-0.4038,13177567396.18
"	399006",创业板指,2013-09-26,深交所,1323.04,1318.521,516088776,1332.123,1301.138,1306.344,441211,-1.2619,12052149164.85
"	399006",创业板指,2013-09-27,深交所,1306.344,1305.506,463486548,1330.69,1301.478,1323.759,411114,1.3331,11731986938.63
"	399006",创业板指,2013-09-30,深交所,1323.759,1329.559,443197526,1368.658,1329.559,1367.912,394053,3.3354,11493253195.7
"	399006",创业板指,2013-10-08,深交所,1367.912,1376.365,545197137,1389.729,1363.897,1387.663,494928,1.4439,15409423315.34
"	399006",创业板指,2013-10-09,深交所,1387.663,1385.959,589673620,1418.483,1382.103,1415.833,533224,2.03,16116227345.82
"	399006",创业板指,2013-10-10,深交所,1415.833,1422.355,734537041,1423.965,1377.318,1378.148,670166,-2.6617,19860611213.8
"	399006",创业板指,2013-10-11,深交所,1378.148,1377.976,659638985,1386.537,1357.488,1379.9,559510,0.1271,16624165509.88
"	399006",创业板指,2013-10-14,深交所,1379.9,1374.472,658337884,1394.337,1370.721,1393.602,572601,0.993,15764008578.02
"	399006",创业板指,2013-10-15,深交所,1393.602,1397.212,719009702,1409.496,1378.812,1389.749,624548,-0.2765,17190898649.24
"	399006",创业板指,2013-10-16,深交所,1389.749,1393.005,722704503,1393.098,1323.872,1335.1,622231,-3.9323,17533963281.66
"	399006",创业板指,2013-10-17,深交所,1335.1,1339.314,713979536,1355.651,1317.747,1322.988,579322,-0.9072,16677676328.54
"	399006",创业板指,2013-10-18,深交所,1322.988,1327.095,575376960,1353.974,1327.095,1349.937,480116,2.037,13427624585.05
"	399006",创业板指,2013-10-21,深交所,1349.937,1358.884,780835126,1403.109,1358.884,1400.967,614891,3.7802,17651034559.62
"	399006",创业板指,2013-10-22,深交所,1400.967,1401.469,976921385,1408.455,1348.686,1350.473,769007,-3.6042,22692106002.36
"	399006",创业板指,2013-10-23,深交所,1350.473,1336.227,824506473,1336.227,1293.823,1311.231,642485,-2.9058,18229892030.15
"	399006",创业板指,2013-10-24,深交所,1311.231,1307.114,542620012,1319.373,1287.876,1295.932,468931,-1.1668,12287098252.2
"	399006",创业板指,2013-10-25,深交所,1295.932,1298.719,664793836,1304.492,1255.594,1269.171,537078,-2.065,14603771924.2
"	399006",创业板指,2013-10-28,深交所,1269.171,1264.137,547077605,1286.004,1262.341,1279.05,441010,0.7784,11878389453.81
"	399006",创业板指,2013-10-29,深交所,1279.05,1276.265,777176691,1292.966,1205.002,1261.684,617335,-1.3577,16688919079.07
"	399006",创业板指,2013-10-30,深交所,1261.684,1256.236,535703781,1274.344,1251.013,1273.291,459856,0.92,12336598882.65
"	399006",创业板指,2013-10-31,深交所,1273.291,1266.556,483608193,1266.556,1232.402,1235.555,421009,-2.9637,10701053369.53
"	399006",创业板指,2013-11-01,深交所,1235.555,1227.692,531511646,1233.57,1198.812,1221.962,456280,-1.1002,12087117179.57
"	399006",创业板指,2013-11-04,深交所,1221.962,1217.278,438442856,1240.879,1216.848,1222.456,394020,0.0404,9545842762.79
"	399006",创业板指,2013-11-05,深交所,1222.456,1217.636,535987637,1260.373,1208.346,1260.025,455757,3.0732,11720597595.34
"	399006",创业板指,2013-11-06,深交所,1260.025,1255.474,599741841,1277.427,1241.757,1241.789,519117,-1.4473,13176603133.59
"	399006",创业板指,2013-11-07,深交所,1241.789,1234.24,443032949,1250.569,1219.306,1224.05,410238,-1.4285,9711748751.85
"	399006",创业板指,2013-11-08,深交所,1224.05,1215.68,445388767,1226.317,1204.523,1211.11,398809,-1.0571,9710900063.7
"	399006",创业板指,2013-11-11,深交所,1211.11,1208.259,362148137,1223.768,1191.182,1212.689,334191,0.1304,8025535557.42
"	399006",创业板指,2013-11-12,深交所,1212.689,1213.31,456387182,1233.192,1209.538,1228.346,399100,1.2911,9800932777
"	399006",创业板指,2013-11-13,深交所,1228.346,1226.529,434188284,1236.392,1210.662,1212.08,398398,-1.3242,9761696292.39
"	399006",创业板指,2013-11-14,深交所,1212.08,1207.448,541435925,1251.769,1200.714,1249.667,495458,3.101,12471868113.31
"	399006",创业板指,2013-11-15,深交所,1249.667,1248.259,637984093,1287.08,1248.074,1269.052,539540,1.5512,14726239619.81
"	399006",创业板指,2013-11-18,深交所,1269.052,1275.551,594634633,1295.206,1275.551,1291.151,485758,1.7414,13148276751.68
"	399006",创业板指,2013-11-19,深交所,1291.151,1293.057,568854012,1312.065,1289.906,1298.166,501289,0.5433,12780875292.56
"	399006",创业板指,2013-11-20,深交所,1298.166,1299.682,488654077,1303.452,1283.661,1299.264,434012,0.0846,11117710443.49
"	399006",创业板指,2013-11-21,深交所,1299.264,1295.931,578557395,1304.739,1288.21,1298.953,506680,-0.0239,13385051265.73
"	399006",创业板指,2013-11-22,深交所,1298.953,1298.468,499634565,1300.959,1283.88,1295.067,463631,-0.2992,11961925780.71
"	399006",创业板指,2013-11-25,深交所,1295.067,1290.842,462405503,1305.232,1283.66,1293.795,426909,-0.0982,11309995032.52
"	399006",创业板指,2013-11-26,深交所,1293.795,1291.624,482267725,1299.669,1280.008,1291.854,443356,-0.15,11216109394.96
"	399006",创业板指,2013-11-27,深交所,1291.854,1290.188,642413918,1336.171,1288.584,1329.477,571017,2.9123,15901073519.49
"	399006",创业板指,2013-11-28,深交所,1329.477,1333.048,579188517,1342.819,1331.45,1336.661,503464,0.5404,13936777627.14
"	399006",创业板指,2013-11-29,深交所,1336.661,1335.626,645208699,1369.121,1335.626,1366.834,575326,2.2573,15595329419.36
"	399006",创业板指,2013-12-02,深交所,1366.834,1296.703,875157747,1317.693,1253.343,1253.929,652305,-8.2603,19360218548.64
"	399006",创业板指,2013-12-03,深交所,1253.929,1223.382,725573222,1261.769,1198.058,1255.329,544948,0.1116,14766415753.34
"	399006",创业板指,2013-12-04,深交所,1255.329,1249.593,668323775,1276.055,1240.077,1240.287,505179,-1.1983,12834184524.7
"	399006",创业板指,2013-12-05,深交所,1240.287,1234.504,676759014,1236.101,1200.458,1202.066,502934,-3.0816,12957459244.29
"	399006",创业板指,2013-12-06,深交所,1202.066,1196.321,510729848,1215.492,1194.745,1206.783,410717,0.3924,10061086807.27
"	399006",创业板指,2013-12-09,深交所,1206.783,1211.393,535534094,1241.772,1211.393,1241.715,436296,2.8946,11288303414.85
"	399006",创业板指,2013-12-10,深交所,1241.715,1244.574,512040599,1249.355,1227.057,1231.921,401201,-0.7887,10263129061.49
"	399006",创业板指,2013-12-11,深交所,1231.921,1230.783,482623211,1255.064,1226.576,1244.505,423706,1.0215,10940273427.17
"	399006",创业板指,2013-12-12,深交所,1244.505,1242.153,610613761,1285.268,1238.947,1279.318,510893,2.7973,14070801299.1
"	399006",创业板指,2013-12-13,深交所,1279.318,1274.166,538423337,1286.72,1268.645,1278.143,435946,-0.0918,11572561281.88
"	399006",创业板指,2013-12-16,深交所,1278.143,1279.063,601862688,1293.936,1266.942,1279.958,485083,0.142,12730517247.37
"	399006",创业板指,2013-12-17,深交所,1279.958,1278.53,498400207,1282.171,1248.822,1267.673,441838,-0.9598,10976283304.07
"	399006",创业板指,2013-12-18,深交所,1267.673,1267.772,456035571,1267.772,1245.962,1256,396021,-0.9208,10238556413.96
"	399006",创业板指,2013-12-19,深交所,1256,1253.43,489486276,1281.816,1253.43,1256.084,446066,0.0067,11375819779.4
"	399006",创业板指,2013-12-20,深交所,1256.084,1255.824,428688941,1266.031,1246.388,1253.714,383999,-0.1887,9304177961.27
"	399006",创业板指,2013-12-23,深交所,1253.714,1251.41,478918175,1253.668,1224.988,1242.806,411506,-0.8701,10072397679.21
"	399006",创业板指,2013-12-24,深交所,1242.806,1242.002,493587384,1264.721,1241.906,1258.823,421659,1.2888,10101293234.99
"	399006",创业板指,2013-12-25,深交所,1258.823,1261.996,554811409,1288.849,1258.406,1288.341,469779,2.3449,11548696776.53
"	399006",创业板指,2013-12-26,深交所,1288.341,1290.869,562487555,1297.474,1268.138,1269.535,500166,-1.4597,12198237166.49
"	399006",创业板指,2013-12-27,深交所,1269.535,1265.083,541699335,1297.621,1265.083,1294.302,439807,1.9509,11162918709.47
"	399006",创业板指,2013-12-30,深交所,1294.302,1294.417,547546487,1307.988,1292.829,1307.988,455685,1.0574,11621957206.76
"	399006",创业板指,2013-12-31,深交所,1307.988,1302.671,516300206,1309.344,1288.94,1304.444,415762,-0.271,10889567130.77
